{
  "JET_T5_CFC": {
    "d_target": 0.040,
    "alpha_bot": 200.0,
    "alpha_top_org": [220000.0],
    "diff": [240.87e-6, 61.53e-6, 34.86e-6],
    "lam": [305.28, 175.68, 117.12],
    "aniso": 0.23,
    "ti_pr": "null",
    "x_Tb": [0.010, 0.010, 0.010],
    "y_Tb": [1.22743, 1.16518, 1.08106],
    "anim": "null",
    "dstar": 0.35
  }
}