{
  "MAST_U_CFC": {
    "d_target": 0.028,
    "alpha_bot": 250.0,
    "alpha_top_org": [70000.0],
    "diff": [8.0e-5, 2.1e-5, 1.5e-5],
    "lam": [115.0, 63.0, 49.0],
    "aniso": 1.0,
    "ti_pr": "null",
    "x_Tb": [0.010, 0.010, 0.010],
    "y_Tb": [1.22743, 1.16518, 1.08106],
    "anim": "null",
    "dstar": 0.35
  },
    "MAST_U_CFC_test": {
    "d_target": 0.028,
    "alpha_bot": 250.0,
    "alpha_top_org": [70000.0, 30000],
    "diff": [8.0e-5, 2.1e-5, 1.5e-5],
    "lam": [115.0, 63.0, 49.0],
    "aniso": 1.0,
    "ti_pr": "null",
    "x_Tb": [0.010, 0.010, 0.010],
    "y_Tb": [1.22743, 1.16518, 1.08106],
    "anim": "null",
    "dstar": 0.35
  },
  "MAST_CFC": {
    "d_target": 0.028,
    "alpha_bot": 250.0,
    "alpha_top_org": [70000.0, 30000],
    "diff": [8.0e-5, 2.1e-5, 1.5e-5],
    "lam": [115.0, 63.0, 49.0],
    "aniso": 1.0,
    "ti_pr": "null",
    "x_Tb": [0.010, 0.010, 0.010],
    "y_Tb": [1.22743, 1.16518, 1.08106],
    "anim": "null",
    "dstar": 0.35
  },
  "JET_T5_CFC": {
    "d_target": 0.040,
    "alpha_bot": 200.0,
    "alpha_top_org": [220000.0],
    "diff": [240.87e-6, 61.53e-6, 34.86e-6],
    "lam": [305.28, 175.68, 117.12],
    "aniso": 0.23,
    "ti_pr": "null",
    "x_Tb": [0.010, 0.010, 0.010],
    "y_Tb": [1.22743, 1.16518, 1.08106],
    "anim": "null",
    "dstar": 0.35
  }
}